User ID,Operating System,App Usage Time (min/day),Screen On Time (hours/day),Battery Drain (mAh/day),Number of Apps Installed,Data Usage (MB/day),Age,Gender,User Behavior Class,Device Model_google pixel 5,Device Model_iphone 12,Device Model_oneplus 9,Device Model_samsung galaxy s21,Device Model_xiaomi mi 11
1,1,393,6.4,1872,67,1122,40,0,4,True,False,False,False,False
2,1,268,4.7,1331,42,944,47,1,3,False,False,True,False,False
3,1,154,4.0,761,32,322,42,0,2,False,False,False,False,True
4,1,239,4.8,1676,56,871,20,0,3,True,False,False,False,False
5,0,187,4.3,1367,58,988,31,1,3,False,True,False,False,False
6,1,99,2.0,940,35,564,31,0,2,True,False,False,False,False
7,1,350,7.3,1802,66,1054,21,1,4,False,False,False,True,False
8,1,543,11.4,2956,82,1702,31,0,5,False,False,True,False,False
9,1,340,7.7,2138,75,1053,42,1,4,False,False,False,True,False
10,0,424,6.6,1957,75,1301,42,0,4,False,True,False,False,False
11,1,53,1.4,435,17,162,34,1,1,True,False,False,False,False
12,1,215,5.5,1690,47,641,24,0,3,False,False,True,False,False
13,1,462,6.2,2303,65,1099,57,1,4,False,False,True,False,False
14,1,215,4.9,1662,43,857,43,0,3,False,False,False,False,True
15,0,189,5.4,1754,53,779,49,1,3,False,True,False,False,False
16,1,503,10.4,2571,84,2025,39,1,5,True,False,False,False,False
17,1,132,3.6,628,32,344,47,1,2,False,False,True,False,False
18,0,299,5.8,1431,41,985,44,1,3,False,True,False,False,False
19,1,81,1.4,558,16,297,26,1,1,True,False,False,False,False
20,0,577,8.5,2774,89,2192,29,1,5,False,True,False,False,False
21,1,93,2.6,681,37,302,45,1,2,False,False,False,True,False
22,1,576,11.6,2803,82,1553,43,1,5,False,False,True,False,False
23,1,423,6.5,2094,65,1372,23,1,4,False,False,False,True,False
24,1,292,5.6,1401,46,949,37,1,3,True,False,False,False,False
25,1,216,4.0,1711,59,748,58,0,3,False,False,True,False,False
26,1,91,3.4,1073,38,451,52,0,2,False,False,False,True,False
27,0,444,7.6,2372,77,1002,29,0,4,False,True,False,False,False
28,1,512,10.5,2409,89,1599,33,0,5,True,False,False,False,False
29,1,452,6.8,2387,77,1456,55,1,4,False,False,True,False,False
30,1,412,6.2,1899,78,1384,19,1,4,False,False,False,True,False
31,1,260,6.0,1361,44,889,37,1,3,False,False,False,False,True
32,1,197,4.6,1660,59,975,25,0,3,False,False,False,False,True
33,1,278,4.7,1484,55,917,21,0,3,True,False,False,False,False
34,1,46,2.0,457,14,105,58,0,1,True,False,False,False,False
35,1,593,10.2,2499,81,1616,38,1,5,False,False,False,False,True
36,1,32,1.2,580,19,153,20,1,1,False,False,False,True,False
37,0,122,3.3,755,30,573,26,0,2,False,True,False,False,False
38,1,522,11.2,2808,93,2328,24,0,5,False,False,False,True,False
39,1,473,6.4,2312,74,1400,40,0,4,False,False,True,False,False
40,1,398,6.2,1851,77,1180,23,0,4,False,False,False,True,False
41,1,240,4.7,1464,52,708,56,1,3,False,False,False,False,True
42,1,576,10.1,2447,83,2323,33,0,5,False,False,True,False,False
43,1,120,2.1,720,39,392,43,0,2,False,False,False,True,False
44,1,152,3.7,993,32,429,18,0,2,False,False,False,True,False
45,1,138,2.4,837,21,572,56,1,2,False,False,False,False,True
46,1,502,10.9,2476,96,1935,39,0,5,False,False,False,False,True
47,1,558,8.4,2447,97,1594,22,1,5,False,False,True,False,False
48,1,138,3.6,889,25,323,27,1,2,False,False,False,True,False
49,1,580,8.2,2623,90,2262,49,0,5,True,False,False,False,False
50,1,589,8.7,2736,82,1997,49,0,5,False,False,True,False,False
51,1,452,7.4,2180,61,1417,54,1,4,False,False,False,False,True
52,1,245,5.9,1243,52,885,29,0,3,False,False,False,False,True
53,1,125,2.7,690,28,393,27,1,2,False,False,False,True,False
54,1,97,2.2,1101,38,375,53,0,2,False,False,False,False,True
55,1,516,8.7,2857,83,2189,53,1,5,True,False,False,False,False
56,0,68,1.6,450,14,111,30,0,1,False,True,False,False,False
57,1,64,1.1,572,10,161,42,1,1,False,False,True,False,False
58,1,539,8.4,2796,89,2415,26,0,5,False,False,True,False,False
59,1,428,7.0,2306,75,1144,22,0,4,False,False,False,False,True
60,0,325,7.1,2269,64,1053,56,0,4,False,True,False,False,False
61,1,522,11.9,2798,85,1663,28,1,5,False,False,False,False,True
62,1,309,7.5,2292,77,1253,57,1,4,False,False,False,False,True
63,1,79,1.9,493,14,128,55,0,1,False,False,False,False,True
64,1,545,11.5,2911,87,1717,21,1,5,False,False,False,False,True
65,1,459,7.0,1982,67,1091,43,0,4,False,False,False,True,False
66,0,225,4.0,1420,48,917,56,0,3,False,True,False,False,False
67,0,257,4.5,1705,57,912,55,0,3,False,True,False,False,False
68,1,134,4.0,773,35,449,28,1,2,False,False,False,False,True
69,0,516,10.2,2932,98,1547,31,0,5,False,True,False,False,False
70,1,82,1.7,558,16,284,29,1,1,True,False,False,False,False
71,1,452,7.2,1808,64,1090,45,1,4,False,False,False,True,False
72,0,521,9.0,2902,97,1701,37,0,5,False,True,False,False,False
73,1,457,6.3,2347,66,1082,22,0,4,True,False,False,False,False
74,1,31,1.1,585,11,208,50,1,1,False,False,False,False,True
75,0,47,2.0,476,14,125,39,0,1,False,True,False,False,False
76,1,229,5.7,1305,43,985,23,1,3,False,False,False,False,True
77,1,34,2.0,558,14,122,54,1,1,False,False,False,False,True
78,1,173,2.5,678,29,301,30,1,2,True,False,False,False,False
79,1,78,1.8,333,17,138,51,1,1,False,False,False,True,False
80,1,230,5.7,1254,52,989,34,1,3,True,False,False,False,False
81,1,565,10.6,2475,99,1603,51,1,5,False,False,True,False,False
82,0,172,2.8,1035,22,549,41,0,2,False,True,False,False,False
83,1,330,7.2,2363,77,1133,21,1,4,False,False,False,False,True
84,1,39,1.8,368,11,105,19,0,1,False,False,False,False,True
85,1,223,4.5,1311,56,695,33,1,3,True,False,False,False,False
86,1,404,7.4,2081,63,1352,44,0,4,True,False,False,False,False
87,1,151,2.4,1003,25,392,39,0,2,False,False,False,True,False
88,1,34,1.5,345,11,276,44,0,1,False,False,False,True,False
89,1,137,3.3,839,31,348,34,1,2,False,False,False,False,True
90,1,301,6.2,2053,75,1303,45,0,4,False,False,False,True,False
91,1,116,2.1,912,39,307,40,1,2,True,False,False,False,False
92,1,291,4.1,1474,46,827,32,1,3,True,False,False,False,False
93,0,84,1.4,501,16,284,56,1,1,False,True,False,False,False
94,0,134,2.5,1125,24,367,35,0,2,False,True,False,False,False
95,1,411,7.5,2169,72,1083,58,0,4,False,False,False,True,False
96,1,326,7.2,2243,73,1454,50,0,4,False,False,False,False,True
97,0,550,9.5,2916,91,1946,20,0,5,False,True,False,False,False
98,1,516,12.0,2406,82,1968,28,1,5,False,False,True,False,False
99,1,59,1.2,361,18,293,25,1,1,True,False,False,False,False
100,1,225,5.5,1526,44,875,50,1,3,False,False,True,False,False
101,1,41,1.1,389,15,136,53,0,1,True,False,False,False,False
102,1,183,4.1,1210,45,738,19,0,3,False,False,True,False,False
103,1,174,2.5,929,37,565,32,1,2,True,False,False,False,False
104,1,274,4.2,1781,52,934,28,0,3,False,False,False,False,True
105,1,166,2.8,1113,28,360,25,0,2,False,False,False,False,True
106,1,66,1.2,585,12,264,36,0,1,False,False,False,False,True
107,1,152,2.7,642,38,596,55,0,2,True,False,False,False,False
108,1,54,1.4,403,17,278,23,1,1,True,False,False,False,False
109,1,187,5.5,1754,55,711,50,1,3,False,False,False,False,True
110,1,216,6.0,1641,41,889,39,1,3,False,False,True,False,False
111,1,95,3.8,718,26,459,41,1,2,False,False,True,False,False
112,1,488,8.6,2447,84,2344,19,0,5,False,False,False,False,True
113,1,295,5.1,1483,45,748,27,1,3,True,False,False,False,False
114,1,136,3.2,818,33,404,42,0,2,False,False,False,True,False
115,1,471,7.9,2156,76,1324,54,1,4,False,False,False,False,True
116,0,121,3.2,651,34,596,39,0,2,False,True,False,False,False
117,0,75,1.2,409,13,281,18,0,1,False,True,False,False,False
118,0,220,5.2,1631,49,909,27,1,3,False,True,False,False,False
119,1,82,1.6,590,13,124,28,1,1,False,False,False,True,False
120,1,97,2.7,1018,37,428,41,0,2,True,False,False,False,False
121,1,388,6.6,2085,71,1150,45,1,4,False,False,False,True,False
122,1,529,8.7,2484,89,2189,39,1,5,False,False,True,False,False
123,1,584,10.0,2541,99,2391,49,1,5,True,False,False,False,False
124,1,529,8.1,2686,96,1924,35,0,5,True,False,False,False,False
125,1,227,5.1,1702,57,714,21,0,3,True,False,False,False,False
126,1,535,11.8,2858,99,2378,50,0,5,False,False,False,True,False
127,0,332,7.4,2149,68,1321,20,1,4,False,True,False,False,False
128,1,252,4.2,1439,45,667,50,1,3,True,False,False,False,False
129,1,125,2.5,678,34,465,31,0,2,False,False,False,False,True
130,1,97,3.3,751,39,412,36,1,2,False,False,False,False,True
131,1,540,10.8,2923,90,1886,40,0,5,True,False,False,False,False
132,1,320,7.2,2056,69,1226,52,1,4,False,False,False,False,True
133,1,176,3.6,1193,30,458,40,1,2,True,False,False,False,False
134,1,79,1.0,313,18,139,42,0,1,False,False,False,True,False
135,1,83,1.6,303,19,285,51,0,1,False,False,False,False,True
136,0,555,11.3,2528,90,1856,55,1,5,False,True,False,False,False
137,1,66,1.7,375,16,216,39,0,1,False,False,False,True,False
138,1,237,4.5,1368,42,868,24,1,3,False,False,False,False,True
139,1,497,9.7,2876,94,2076,18,0,5,False,False,False,True,False
140,1,516,11.1,2429,91,1796,53,0,5,True,False,False,False,False
141,1,219,5.2,1510,42,655,50,1,3,False,False,False,False,True
142,1,448,6.3,2044,71,1337,51,0,4,True,False,False,False,False
143,0,156,2.2,896,37,429,57,1,2,False,True,False,False,False
144,1,68,1.1,528,12,201,29,0,1,False,False,False,True,False
145,0,524,11.2,2417,90,2069,29,1,5,False,True,False,False,False
146,0,188,5.3,1281,45,974,35,0,3,False,True,False,False,False
147,1,443,7.4,2289,73,1026,33,0,4,False,False,False,True,False
148,1,52,1.6,385,19,234,24,0,1,False,False,False,False,True
149,1,228,4.2,1677,58,823,56,0,3,False,False,True,False,False
150,1,149,3.7,873,34,459,51,0,2,True,False,False,False,False
151,0,523,9.4,2583,92,1539,21,0,5,False,True,False,False,False
152,1,42,1.6,315,19,207,52,1,1,False,False,False,True,False
153,1,120,2.0,741,38,396,56,1,2,True,False,False,False,False
154,1,329,7.5,2277,72,1185,27,1,4,False,False,True,False,False
155,1,68,1.5,364,10,102,31,1,1,False,False,False,False,True
156,1,158,3.4,893,36,493,32,0,2,False,False,False,False,True
157,1,86,1.7,439,19,136,54,0,1,False,False,False,False,True
158,1,339,7.8,2102,71,1062,51,0,4,False,False,False,False,True
159,1,304,6.5,2375,79,1493,51,0,4,False,False,False,True,False
160,1,131,2.4,859,26,305,40,0,2,False,False,False,False,True
161,1,64,1.6,540,19,262,35,1,1,False,False,False,True,False
162,1,53,1.9,526,15,112,42,0,1,False,False,False,False,True
163,1,442,7.7,2067,69,1440,45,0,4,True,False,False,False,False
164,0,32,2.0,469,18,139,22,0,1,False,True,False,False,False
165,1,278,4.8,1238,48,851,43,1,3,False,False,False,False,True
166,1,540,8.4,2993,98,1540,49,1,5,False,False,False,False,True
167,1,595,11.3,2968,88,2366,30,0,5,True,False,False,False,False
168,1,35,1.5,467,10,158,58,0,1,True,False,False,False,False
169,1,225,5.4,1370,44,791,55,1,3,True,False,False,False,False
170,1,587,11.8,2431,90,1894,47,0,5,True,False,False,False,False
171,1,92,3.7,1124,27,524,44,0,2,False,False,False,False,True
172,1,46,1.1,487,17,208,23,0,1,True,False,False,False,False
173,1,153,2.8,935,25,578,37,1,2,False,False,True,False,False
174,0,368,6.6,1817,72,1406,27,1,4,False,True,False,False,False
175,1,51,1.6,509,11,113,29,1,1,False,False,False,False,True
176,1,279,5.2,1660,47,629,50,1,3,True,False,False,False,False
177,1,255,5.4,1738,42,826,21,0,3,False,False,False,False,True
178,1,193,5.7,1471,51,972,31,1,3,False,False,False,True,False
179,1,207,5.7,1582,52,692,38,0,3,False,False,False,False,True
180,0,539,11.9,2853,83,2007,55,0,5,False,True,False,False,False
181,1,151,2.4,1124,38,571,33,0,2,False,False,True,False,False
182,1,474,6.4,2109,68,1079,24,0,4,True,False,False,False,False
183,0,544,9.2,2936,83,2416,47,1,5,False,True,False,False,False
184,0,73,1.2,308,15,275,39,1,1,False,True,False,False,False
185,1,597,10.4,2984,91,1564,34,1,5,False,False,False,False,True
186,1,498,10.7,2738,94,1995,42,0,5,True,False,False,False,False
187,0,402,7.8,2014,79,1088,34,1,4,False,True,False,False,False
188,1,75,1.1,379,15,185,37,0,1,False,False,True,False,False
189,0,130,2.0,602,21,589,30,1,2,False,True,False,False,False
190,1,42,1.1,402,11,265,32,1,1,False,False,False,True,False
191,0,134,2.2,917,23,423,23,0,2,False,True,False,False,False
192,1,79,1.9,477,13,161,24,0,1,True,False,False,False,False
193,0,432,7.2,1822,63,1127,59,1,4,False,True,False,False,False
194,0,262,4.1,1287,52,997,36,0,3,False,True,False,False,False
195,1,473,6.4,2109,79,1300,23,1,4,False,False,False,True,False
196,1,202,4.7,1512,49,659,45,1,3,True,False,False,False,False
197,1,215,4.4,1407,41,991,47,0,3,False,False,True,False,False
198,1,151,3.7,1116,32,320,41,1,2,False,False,True,False,False
199,1,80,1.6,549,14,197,19,0,1,False,False,True,False,False
200,1,126,2.8,971,32,431,35,1,2,False,False,False,False,True
201,1,495,8.9,2920,84,2252,31,1,5,False,False,False,True,False
202,0,127,3.7,1153,35,314,37,1,2,False,True,False,False,False
203,1,88,1.3,327,11,262,22,0,1,False,False,False,False,True
204,1,69,1.6,463,16,146,27,0,1,True,False,False,False,False
205,1,100,3.3,961,21,433,25,0,2,False,False,True,False,False
206,1,301,6.5,2084,71,1421,29,0,4,False,False,False,False,True
207,1,78,1.7,455,15,207,37,1,1,True,False,False,False,False
208,1,163,3.1,620,21,419,23,0,2,True,False,False,False,False
209,1,539,9.3,2606,92,1990,41,0,5,False,False,True,False,False
210,1,278,4.6,1385,47,823,40,1,3,True,False,False,False,False
211,1,451,6.1,2108,76,1434,25,1,4,False,False,False,True,False
212,1,481,10.9,2752,86,2017,18,0,5,False,False,False,True,False
213,1,133,3.4,714,38,445,25,0,2,False,False,False,True,False
214,1,41,1.1,588,10,246,22,0,1,False,False,False,False,True
215,0,152,3.3,1175,29,461,42,1,2,False,True,False,False,False
216,1,553,8.4,2559,89,2471,51,0,5,False,False,True,False,False
217,0,402,6.9,2282,78,1397,40,0,4,False,True,False,False,False
218,1,555,9.5,2855,95,1565,24,0,5,False,False,True,False,False
219,0,499,9.6,2873,81,1805,52,1,5,False,True,False,False,False
220,1,101,3.2,603,28,417,43,0,2,False,False,False,False,True
221,1,433,6.8,2093,75,1300,32,0,4,False,False,True,False,False
222,1,133,2.0,1007,31,417,32,0,2,False,False,True,False,False
223,1,351,6.1,1941,79,1290,21,1,4,False,False,False,False,True
224,1,532,10.7,2556,83,2148,53,1,5,False,False,False,True,False
225,1,92,2.5,690,31,563,27,0,2,False,False,True,False,False
226,1,511,10.8,2712,97,2438,59,1,5,False,False,False,False,True
227,1,384,7.0,2185,72,1376,59,0,4,False,False,False,False,True
228,0,193,5.2,1318,49,626,32,1,3,False,True,False,False,False
229,1,132,3.8,649,25,368,41,0,2,False,False,False,True,False
230,1,360,7.3,1946,79,1164,50,0,4,False,False,False,True,False
231,0,159,2.3,1083,32,526,38,0,2,False,True,False,False,False
232,0,495,8.9,2855,91,2150,31,0,5,False,True,False,False,False
233,1,537,10.0,2720,83,1763,35,0,5,False,False,False,False,True
234,1,129,3.4,1059,27,580,36,1,2,False,False,True,False,False
235,0,132,3.8,636,28,529,53,0,2,False,True,False,False,False
236,1,37,1.4,369,18,295,19,1,1,False,False,False,False,True
237,1,524,8.9,2549,88,1730,20,1,5,False,False,False,True,False
238,1,425,6.9,2142,66,1130,19,1,4,False,False,True,False,False
239,1,64,1.7,585,13,107,53,0,1,False,False,True,False,False
240,0,573,10.8,2711,96,2118,33,1,5,False,True,False,False,False
241,1,45,1.7,302,16,191,57,1,1,True,False,False,False,False
242,1,564,11.7,2764,81,2133,37,1,5,False,False,False,False,True
243,1,162,3.5,761,36,338,51,0,2,False,False,True,False,False
244,1,451,6.5,2378,69,1341,44,0,4,False,False,False,True,False
245,1,30,1.3,479,16,253,35,0,1,False,False,True,False,False
246,1,202,5.0,1542,45,844,29,0,3,False,False,False,True,False
247,1,71,1.5,590,17,257,33,0,1,True,False,False,False,False
248,1,314,6.2,2205,63,1066,19,0,4,True,False,False,False,False
249,1,168,4.0,866,22,581,50,1,2,False,False,False,False,True
250,1,75,1.9,537,13,230,58,1,1,True,False,False,False,False
251,1,42,1.4,324,13,272,29,1,1,False,False,True,False,False
252,1,441,7.9,2332,78,1477,23,1,4,False,False,True,False,False
253,1,523,10.5,2460,99,1787,22,0,5,True,False,False,False,False
254,1,100,2.4,982,31,478,48,1,2,False,False,False,False,True
255,1,52,1.2,398,14,172,24,1,1,False,False,True,False,False
256,1,397,7.0,2352,77,1101,46,1,4,False,False,True,False,False
257,1,424,7.7,1863,65,1116,52,0,4,False,False,False,False,True
258,1,272,5.0,1655,45,686,19,1,3,False,False,False,False,True
259,1,201,4.0,1791,50,914,18,0,3,False,False,False,False,True
260,1,570,9.0,2613,98,2497,49,1,5,False,False,False,False,True
261,1,64,1.3,490,14,151,43,1,1,False,False,False,False,True
262,0,334,6.6,2394,68,1227,46,1,4,False,True,False,False,False
263,0,518,9.6,2954,93,2125,34,1,5,False,True,False,False,False
264,1,70,1.7,359,10,109,57,0,1,False,False,False,True,False
265,0,334,6.8,2000,77,1079,40,1,4,False,True,False,False,False
266,1,563,8.4,2849,85,1508,25,0,5,False,False,False,False,True
267,0,181,4.1,1608,43,752,22,1,3,False,True,False,False,False
268,1,584,9.4,2766,84,2151,32,0,5,False,False,True,False,False
269,1,208,4.7,1642,45,861,55,0,3,False,False,False,True,False
270,1,381,6.6,2160,69,1450,20,0,4,False,False,False,True,False
271,1,426,6.5,1969,78,1266,53,1,4,False,False,False,False,True
272,1,284,4.2,1360,56,888,51,0,3,False,False,True,False,False
273,1,105,2.2,1002,29,453,31,1,2,True,False,False,False,False
274,1,179,2.3,1014,32,588,38,0,2,True,False,False,False,False
275,0,122,2.6,639,37,568,35,0,2,False,True,False,False,False
276,1,501,11.9,2702,88,1738,49,0,5,False,False,True,False,False
277,1,269,5.9,1666,42,629,32,1,3,False,False,False,False,True
278,1,230,4.4,1607,52,878,54,0,3,True,False,False,False,False
279,1,85,1.6,417,12,122,47,0,1,False,False,False,False,True
280,1,411,7.8,2029,75,1136,33,1,4,False,False,False,True,False
281,1,73,1.7,403,12,163,51,0,1,False,False,False,True,False
282,1,39,1.7,530,11,268,26,1,1,False,False,False,False,True
283,0,386,7.7,2114,72,1209,51,0,4,False,True,False,False,False
284,1,49,1.3,542,16,169,54,1,1,True,False,False,False,False
285,1,411,6.9,1820,70,1024,43,0,4,True,False,False,False,False
286,1,534,10.8,2805,90,1538,37,0,5,False,False,True,False,False
287,1,314,7.4,2136,64,1376,47,1,4,False,False,False,True,False
288,1,211,4.0,1519,54,811,29,1,3,False,False,False,False,True
289,1,121,3.7,619,36,473,47,0,2,False,False,True,False,False
290,1,84,1.2,415,10,146,50,0,1,True,False,False,False,False
291,1,448,7.6,2199,66,1047,28,0,4,False,False,True,False,False
292,1,55,1.6,360,19,149,30,0,1,True,False,False,False,False
293,1,59,1.8,497,10,208,36,1,1,True,False,False,False,False
294,1,226,4.5,1781,45,649,27,1,3,False,False,False,False,True
295,1,580,8.5,2660,87,1795,52,0,5,False,False,False,True,False
296,1,65,1.8,481,18,130,41,0,1,False,False,True,False,False
297,1,458,6.6,2214,67,1163,31,1,4,False,False,True,False,False
298,0,170,2.7,805,26,344,53,1,2,False,True,False,False,False
299,0,264,5.2,1641,44,778,44,0,3,False,True,False,False,False
300,1,122,3.3,748,35,499,59,1,2,False,False,False,False,True
301,1,420,6.5,2113,65,1314,35,0,4,False,False,False,False,True
302,0,267,4.4,1505,59,971,38,1,3,False,True,False,False,False
303,0,469,6.0,2290,67,1086,34,1,4,False,True,False,False,False
304,0,541,11.4,2443,89,1923,34,1,5,False,True,False,False,False
305,0,155,2.9,1117,22,322,19,1,2,False,True,False,False,False
306,1,106,2.8,686,32,594,27,0,2,False,False,True,False,False
307,1,243,5.0,1232,47,877,43,0,3,False,False,True,False,False
308,1,410,7.5,2176,68,1213,45,1,4,False,False,True,False,False
309,0,285,5.1,1226,57,666,20,1,3,False,True,False,False,False
310,1,397,6.8,2027,66,1167,40,0,4,False,False,True,False,False
311,1,230,4.2,1507,51,868,25,1,3,False,False,False,True,False
312,0,341,7.2,2397,68,1055,32,1,4,False,True,False,False,False
313,1,132,2.9,1054,32,563,20,0,2,True,False,False,False,False
314,1,130,3.0,820,21,308,49,1,2,False,False,False,False,True
315,0,281,4.9,1566,59,632,29,0,3,False,True,False,False,False
316,1,74,2.0,320,11,103,55,1,1,False,False,True,False,False
317,1,299,4.3,1737,43,953,42,1,3,False,False,True,False,False
318,1,116,2.2,827,29,434,28,1,2,True,False,False,False,False
319,1,408,6.6,2026,63,1076,47,1,4,False,False,True,False,False
320,1,508,11.3,2590,81,2481,51,0,5,True,False,False,False,False
321,0,227,4.4,1275,56,984,22,1,3,False,True,False,False,False
322,1,274,6.0,1489,56,666,57,1,3,True,False,False,False,False
323,1,347,6.3,2001,61,1456,21,1,4,True,False,False,False,False
324,1,76,1.3,490,14,156,31,1,1,False,False,False,False,True
325,0,445,7.5,2007,78,1115,23,0,4,False,True,False,False,False
326,1,203,4.3,1554,54,638,25,1,3,False,False,True,False,False
327,1,199,6.0,1707,57,881,55,0,3,False,False,False,True,False
328,1,48,2.0,574,18,127,24,1,1,False,False,True,False,False
329,1,88,1.6,420,12,274,31,1,1,False,False,True,False,False
330,0,541,8.3,2865,89,1820,42,1,5,False,True,False,False,False
331,1,233,4.6,1534,49,796,21,1,3,True,False,False,False,False
332,0,176,3.8,727,36,362,47,1,2,False,True,False,False,False
333,1,191,6.0,1762,45,904,54,0,3,False,False,True,False,False
334,1,461,7.5,2001,69,1324,34,1,4,True,False,False,False,False
335,1,37,1.5,375,18,246,46,1,1,False,False,False,True,False
336,1,531,9.8,2905,99,1632,45,1,5,False,False,True,False,False
337,1,473,7.9,2292,62,1472,44,0,4,False,False,False,True,False
338,1,30,1.3,561,15,252,34,0,1,False,False,False,True,False
339,0,306,6.1,2267,70,1449,46,0,4,False,True,False,False,False
340,0,64,1.2,590,13,155,30,0,1,False,True,False,False,False
341,0,75,1.0,435,13,223,43,0,1,False,True,False,False,False
342,0,597,10.3,2718,90,1863,26,1,5,False,True,False,False,False
343,0,529,10.5,2971,87,1683,56,0,5,False,True,False,False,False
344,0,290,6.0,1533,54,645,57,1,3,False,True,False,False,False
345,0,256,5.8,1309,52,840,43,0,3,False,True,False,False,False
346,0,308,7.7,1974,73,1431,37,1,4,False,True,False,False,False
347,1,156,3.3,1020,38,447,57,1,2,False,False,True,False,False
348,1,62,1.4,542,18,266,46,0,1,False,False,False,True,False
349,1,156,3.8,866,34,510,26,0,2,True,False,False,False,False
350,1,303,7.4,2314,66,1387,34,0,4,False,False,False,True,False
351,1,463,6.9,2111,73,1463,54,0,4,False,False,False,True,False
352,1,60,1.5,593,14,281,35,1,1,True,False,False,False,False
353,1,225,4.6,1230,52,954,20,1,3,True,False,False,False,False
354,1,379,7.5,1823,68,1075,53,1,4,False,False,False,True,False
355,1,53,1.4,455,14,106,54,1,1,False,False,True,False,False
356,1,30,1.9,574,19,287,45,0,1,False,False,False,True,False
357,0,291,4.1,1326,51,905,55,1,3,False,True,False,False,False
358,0,488,9.5,2840,92,1986,48,1,5,False,True,False,False,False
359,1,74,2.0,366,13,253,44,1,1,True,False,False,False,False
360,1,230,4.6,1325,55,845,54,1,3,False,False,False,True,False
361,1,517,11.8,2435,86,2208,26,0,5,False,False,False,True,False
362,1,557,10.4,2900,97,1609,22,0,5,False,False,True,False,False
363,1,78,1.5,341,11,259,38,1,1,False,False,False,False,True
364,0,321,7.9,2159,64,1499,45,0,4,False,True,False,False,False
365,1,579,8.6,2539,84,1935,34,0,5,False,False,False,False,True
366,1,382,7.2,1965,67,1341,22,0,4,False,False,True,False,False
367,1,516,11.6,2464,82,1767,29,1,5,False,False,False,False,True
368,1,598,11.2,2876,85,2477,58,1,5,False,False,True,False,False
369,1,102,3.9,747,36,408,49,1,2,False,False,True,False,False
370,0,165,2.4,816,35,503,34,0,2,False,True,False,False,False
371,0,558,9.8,2765,83,1548,25,1,5,False,True,False,False,False
372,1,561,10.6,2547,86,1823,22,0,5,True,False,False,False,False
373,1,511,10.9,2514,91,2335,59,1,5,False,False,False,True,False
374,1,560,11.3,2947,95,1663,25,1,5,True,False,False,False,False
375,1,69,1.3,434,12,164,42,0,1,False,False,True,False,False
376,1,44,1.1,531,17,232,26,0,1,False,False,True,False,False
377,0,65,1.7,490,17,122,51,1,1,False,True,False,False,False
378,1,458,6.0,1875,63,1072,31,1,4,True,False,False,False,False
379,1,525,10.8,2445,99,1623,57,0,5,False,False,False,True,False
380,1,106,3.0,922,22,313,51,0,2,False,False,True,False,False
381,0,188,4.6,1767,47,653,34,0,3,False,True,False,False,False
382,0,493,10.4,2453,99,1813,39,0,5,False,True,False,False,False
383,1,84,1.5,373,19,299,37,1,1,False,False,True,False,False
384,1,104,2.9,653,35,322,30,0,2,False,False,True,False,False
385,1,102,3.0,890,38,548,28,0,2,False,False,False,True,False
386,0,349,6.6,2041,78,1096,40,1,4,False,True,False,False,False
387,1,98,2.0,925,32,457,28,0,2,False,False,True,False,False
388,1,72,1.3,461,13,199,32,0,1,False,False,False,True,False
389,1,563,11.6,2968,92,2191,34,1,5,False,False,False,False,True
390,1,119,2.8,775,31,313,50,1,2,False,False,False,False,True
391,1,311,7.9,2231,69,1021,36,0,4,False,False,True,False,False
392,1,337,6.1,1901,76,1359,58,0,4,False,False,True,False,False
393,1,168,3.5,1055,29,313,54,0,2,False,False,False,True,False
394,0,331,7.4,2129,66,1459,53,0,4,False,True,False,False,False
395,1,589,9.2,2663,84,1774,45,1,5,True,False,False,False,False
396,1,472,6.8,2288,61,1356,52,0,4,False,False,False,False,True
397,1,78,1.1,437,14,143,27,1,1,False,False,False,False,True
398,0,517,11.6,2798,90,2175,20,0,5,False,True,False,False,False
399,1,41,1.6,323,18,221,43,1,1,False,False,True,False,False
400,1,49,1.5,571,10,203,29,0,1,False,False,True,False,False
401,1,522,11.1,2821,86,1891,42,0,5,False,False,False,False,True
402,1,97,2.7,612,36,508,53,0,2,True,False,False,False,False
403,0,411,7.4,1960,71,1264,40,0,4,False,True,False,False,False
404,1,566,8.6,2595,89,1657,51,1,5,False,False,False,True,False
405,0,559,8.2,2618,84,2102,22,1,5,False,True,False,False,False
406,1,478,7.3,2340,69,1017,43,1,4,True,False,False,False,False
407,1,147,3.2,994,33,567,25,1,2,False,False,False,False,True
408,1,395,7.3,2291,61,1049,55,1,4,False,False,True,False,False
409,1,357,7.8,2289,74,1242,22,1,4,False,False,False,True,False
410,1,405,6.9,2366,61,1434,51,0,4,True,False,False,False,False
411,1,501,11.8,2790,86,2074,31,1,5,False,False,False,True,False
412,1,575,8.2,2918,88,1928,50,0,5,False,False,False,False,True
413,1,257,5.1,1692,46,769,52,1,3,False,False,True,False,False
414,0,270,5.0,1532,51,957,35,0,3,False,True,False,False,False
415,1,116,2.0,1171,22,573,33,1,2,True,False,False,False,False
416,0,98,2.3,608,24,394,56,0,2,False,True,False,False,False
417,1,264,5.1,1293,52,737,27,1,3,False,False,False,False,True
418,1,572,11.7,2655,91,2481,57,1,5,False,False,False,True,False
419,1,202,4.9,1549,43,964,27,1,3,False,False,False,False,True
420,0,83,1.4,454,11,228,46,0,1,False,True,False,False,False
421,0,32,1.4,416,12,198,56,0,1,False,True,False,False,False
422,0,168,3.2,716,38,414,43,0,2,False,True,False,False,False
423,0,416,6.1,2115,71,1041,22,1,4,False,True,False,False,False
424,1,46,1.1,536,18,167,28,1,1,False,False,False,False,True
425,1,201,5.0,1482,59,709,24,0,3,False,False,True,False,False
426,1,130,2.8,1062,24,579,37,0,2,False,False,False,True,False
427,1,98,2.4,747,36,403,44,1,2,False,False,True,False,False
428,1,105,3.8,967,28,489,51,0,2,False,False,True,False,False
429,1,94,2.3,1033,33,369,58,0,2,False,False,False,False,True
430,1,540,10.1,2757,90,2180,37,0,5,False,False,False,False,True
431,0,266,5.5,1238,59,839,22,0,3,False,True,False,False,False
432,0,140,3.8,1137,36,506,53,0,2,False,True,False,False,False
433,1,534,10.4,2672,90,1702,51,0,5,True,False,False,False,False
434,1,46,2.0,309,15,116,42,0,1,False,False,True,False,False
435,0,581,8.4,2591,99,2304,58,0,5,False,True,False,False,False
436,1,105,3.4,798,21,467,34,1,2,False,False,False,False,True
437,1,221,4.4,1341,46,862,20,0,3,False,False,True,False,False
438,0,41,1.7,408,16,291,34,0,1,False,True,False,False,False
439,1,105,3.0,728,24,343,52,1,2,False,False,True,False,False
440,1,123,3.9,915,39,468,18,0,2,True,False,False,False,False
441,1,260,5.7,1725,56,920,36,1,3,True,False,False,False,False
442,1,223,5.7,1295,44,751,39,0,3,False,False,False,True,False
443,1,66,1.1,505,17,218,33,0,1,True,False,False,False,False
444,0,231,4.0,1664,48,724,29,1,3,False,True,False,False,False
445,0,555,8.8,2540,97,2402,22,0,5,False,True,False,False,False
446,1,378,7.2,1859,61,1318,58,0,4,False,False,False,True,False
447,1,546,8.8,2852,81,1641,24,0,5,False,False,True,False,False
448,1,234,5.2,1604,58,919,58,0,3,False,False,False,True,False
449,1,152,3.0,617,22,306,22,1,2,False,False,False,True,False
450,1,34,1.2,518,10,170,20,1,1,True,False,False,False,False
451,1,179,3.5,1114,30,466,56,0,2,False,False,False,True,False
452,1,591,11.8,2953,92,1903,52,0,5,False,False,True,False,False
453,1,120,3.3,734,35,583,26,0,2,False,False,False,True,False
454,1,88,1.3,557,13,164,43,0,1,True,False,False,False,False
455,0,143,3.9,1160,24,398,45,0,2,False,True,False,False,False
456,0,74,1.6,436,13,182,27,1,1,False,True,False,False,False
457,0,74,1.6,587,15,275,27,1,1,False,True,False,False,False
458,1,234,4.7,1707,55,871,46,0,3,False,False,True,False,False
459,0,56,1.0,547,10,142,58,1,1,False,True,False,False,False
460,1,174,2.4,639,37,545,50,0,2,False,False,True,False,False
461,1,523,9.0,2696,91,1561,20,1,5,False,False,False,True,False
462,1,123,3.3,938,36,438,55,0,2,False,False,False,True,False
463,1,216,5.9,1789,54,987,55,0,3,False,False,False,True,False
464,0,290,4.6,1694,50,809,23,0,3,False,True,False,False,False
465,1,68,1.3,583,10,281,26,1,1,False,False,False,False,True
466,1,265,4.8,1770,51,723,55,1,3,False,False,True,False,False
467,1,414,7.3,2349,75,1092,51,0,4,False,False,False,True,False
468,1,238,4.0,1414,47,661,41,1,3,True,False,False,False,False
469,1,429,7.5,1921,61,1102,46,0,4,False,False,False,False,True
470,1,39,1.9,541,16,294,37,0,1,False,False,False,False,True
471,1,248,4.6,1396,52,883,40,0,3,False,False,False,True,False
472,1,541,9.4,2452,93,1811,53,1,5,False,False,False,False,True
473,1,139,3.0,697,37,513,26,1,2,False,False,False,False,True
474,0,289,5.0,1625,45,687,29,0,3,False,True,False,False,False
475,1,210,4.9,1657,55,765,49,1,3,False,False,False,False,True
476,1,412,6.2,2201,68,1085,54,1,4,False,False,False,True,False
477,1,318,6.6,2089,77,1126,49,1,4,True,False,False,False,False
478,0,258,4.2,1315,44,762,59,1,3,False,True,False,False,False
479,1,258,4.3,1759,59,718,41,1,3,False,False,True,False,False
480,1,189,4.8,1681,59,795,57,0,3,False,False,False,True,False
481,0,155,2.4,954,39,441,51,0,2,False,True,False,False,False
482,1,528,10.4,2717,87,2140,34,0,5,False,False,False,True,False
483,0,549,11.1,2851,87,1814,56,0,5,False,True,False,False,False
484,1,78,1.6,470,18,230,49,1,1,False,False,False,False,True
485,0,444,6.0,1873,61,1093,39,1,4,False,True,False,False,False
486,1,80,1.1,417,18,298,36,0,1,False,False,False,False,True
487,0,131,3.8,739,34,330,57,1,2,False,True,False,False,False
488,0,228,4.4,1734,46,804,57,1,3,False,True,False,False,False
489,1,416,7.3,1882,62,1333,32,1,4,False,False,False,False,True
490,1,586,9.3,2403,94,2332,21,0,5,True,False,False,False,False
491,1,416,6.1,2279,71,1096,47,0,4,True,False,False,False,False
492,0,152,3.7,948,22,507,53,1,2,False,True,False,False,False
493,1,87,1.5,594,19,198,36,1,1,False,False,False,False,True
494,1,329,6.8,1892,69,1383,23,0,4,False,False,True,False,False
495,1,107,2.5,1176,24,545,29,1,2,False,False,False,True,False
496,1,493,10.9,2928,88,2116,57,0,5,True,False,False,False,False
497,0,182,4.8,1500,51,807,43,1,3,False,True,False,False,False
498,0,102,2.9,918,37,362,20,1,2,False,True,False,False,False
499,1,274,4.5,1356,54,869,53,0,3,True,False,False,False,False
500,0,143,3.6,988,26,504,45,1,2,False,True,False,False,False
501,1,66,1.3,369,14,195,32,0,1,True,False,False,False,False
502,1,420,7.7,2017,74,1187,24,1,4,False,False,False,False,True
503,1,582,8.4,2664,91,2493,55,1,5,False,False,False,False,True
504,1,200,5.8,1291,50,965,52,0,3,True,False,False,False,False
505,1,493,8.5,2859,99,2450,47,0,5,True,False,False,False,False
506,1,348,6.6,2398,66,1415,49,1,4,False,False,False,True,False
507,1,238,5.1,1408,45,941,27,0,3,False,False,False,False,True
508,1,33,2.0,318,11,173,42,1,1,False,False,False,False,True
509,1,267,5.9,1740,45,791,22,0,3,True,False,False,False,False
510,0,492,10.0,2513,90,1968,31,0,5,False,True,False,False,False
511,1,241,5.3,1767,58,976,38,1,3,True,False,False,False,False
512,1,567,10.8,2911,89,1682,39,0,5,False,False,False,True,False
513,1,36,1.6,442,17,249,34,0,1,False,False,False,True,False
514,1,110,3.4,975,31,507,57,1,2,False,False,True,False,False
515,1,466,7.1,1984,73,1461,54,0,4,False,False,False,True,False
516,1,126,2.2,1187,28,599,25,0,2,False,False,True,False,False
517,1,120,3.8,940,36,535,44,0,2,False,False,False,False,True
518,0,64,1.2,592,19,218,25,0,1,False,True,False,False,False
519,1,574,8.5,2780,87,1809,34,1,5,False,False,True,False,False
520,1,119,2.2,1123,22,371,51,0,2,False,False,True,False,False
521,1,350,6.5,2364,75,1485,20,0,4,False,False,True,False,False
522,1,69,1.1,535,17,250,25,0,1,True,False,False,False,False
523,1,438,6.5,1849,64,1125,49,1,4,False,False,False,False,True
524,1,506,11.2,2623,98,2460,48,0,5,False,False,False,True,False
525,1,272,5.2,1390,45,792,57,1,3,False,False,False,True,False
526,1,224,4.5,1646,57,665,59,0,3,False,False,False,True,False
527,1,99,2.4,689,36,318,29,1,2,True,False,False,False,False
528,0,44,1.2,466,10,131,57,1,1,False,True,False,False,False
529,1,175,3.0,801,32,338,24,0,2,True,False,False,False,False
530,1,228,4.8,1639,47,796,42,1,3,True,False,False,False,False
531,1,589,11.8,2629,86,2479,43,1,5,False,False,False,False,True
532,1,339,7.9,1987,66,1191,47,0,4,False,False,True,False,False
533,0,431,6.4,2206,66,1200,23,1,4,False,True,False,False,False
534,1,190,4.7,1276,57,915,22,1,3,False,False,False,False,True
535,1,389,6.1,2087,67,1383,30,0,4,False,False,True,False,False
536,1,139,3.3,937,24,573,25,1,2,False,False,False,True,False
537,1,289,5.9,1528,48,915,30,0,3,False,False,False,True,False
538,1,593,11.1,2672,82,2258,34,1,5,False,False,False,True,False
539,1,576,9.5,2638,98,2281,38,1,5,True,False,False,False,False
540,1,592,9.4,2867,95,1701,27,1,5,False,False,True,False,False
541,0,567,10.5,2817,89,2194,52,0,5,False,True,False,False,False
542,0,170,2.5,740,21,537,25,1,2,False,True,False,False,False
543,1,242,5.4,1307,48,642,28,0,3,True,False,False,False,False
544,1,275,5.5,1616,48,656,55,0,3,False,False,False,True,False
545,1,544,9.7,2633,97,1727,28,1,5,True,False,False,False,False
546,1,50,2.0,362,17,182,34,1,1,False,False,True,False,False
547,1,236,4.6,1750,45,971,21,1,3,False,False,True,False,False
548,0,139,2.6,658,33,358,58,1,2,False,True,False,False,False
549,1,383,6.6,2155,74,1360,45,0,4,True,False,False,False,False
550,1,172,4.0,1047,32,508,21,1,2,False,False,False,True,False
551,1,455,6.2,1984,72,1287,42,0,4,False,False,False,False,True
552,1,157,2.5,1110,30,373,37,1,2,False,False,False,True,False
553,0,173,3.8,605,23,583,32,0,2,False,True,False,False,False
554,1,405,7.3,2082,75,1162,37,1,4,False,False,False,True,False
555,0,387,6.6,2168,61,1246,19,1,4,False,True,False,False,False
556,1,201,4.9,1633,41,972,32,1,3,False,False,False,False,True
557,0,142,3.5,625,25,370,40,1,2,False,True,False,False,False
558,1,198,4.2,1392,43,640,27,0,3,False,False,False,True,False
559,1,361,7.6,2037,65,1056,55,0,4,True,False,False,False,False
560,1,553,11.6,2914,81,1860,47,0,5,False,False,True,False,False
561,1,408,6.2,2245,69,1103,38,1,4,False,False,False,True,False
562,1,121,2.1,1188,21,578,18,0,2,False,False,False,False,True
563,1,71,1.4,508,15,265,33,1,1,True,False,False,False,False
564,0,46,1.6,440,10,265,31,0,1,False,True,False,False,False
565,1,290,4.4,1272,55,910,44,0,3,False,False,False,False,True
566,1,60,1.3,462,15,296,40,0,1,False,False,False,True,False
567,1,116,3.9,1132,26,498,35,1,2,True,False,False,False,False
568,1,86,1.7,312,16,227,32,0,1,False,False,True,False,False
569,1,291,5.3,1537,43,700,49,1,3,True,False,False,False,False
570,1,404,6.6,2181,77,1327,18,0,4,True,False,False,False,False
571,1,441,7.1,1928,74,1421,57,0,4,False,False,True,False,False
572,1,444,6.1,2229,73,1194,25,1,4,True,False,False,False,False
573,1,211,5.9,1757,42,864,56,1,3,False,False,True,False,False
574,1,537,9.1,2858,86,2158,22,0,5,False,False,False,True,False
575,1,519,10.9,2571,93,2163,47,1,5,False,False,False,False,True
576,1,94,3.5,606,30,446,49,0,2,False,False,False,True,False
577,1,554,10.3,2776,83,1606,34,1,5,True,False,False,False,False
578,0,381,7.5,2216,66,1291,37,1,4,False,True,False,False,False
579,1,257,6.0,1715,49,916,40,1,3,False,False,True,False,False
580,1,47,1.1,532,18,122,36,0,1,False,False,False,True,False
581,0,527,10.0,2430,82,1737,27,1,5,False,True,False,False,False
582,1,148,2.7,625,34,416,27,0,2,False,False,False,True,False
583,0,191,5.7,1414,53,991,19,1,3,False,True,False,False,False
584,1,71,1.9,571,10,117,43,1,1,True,False,False,False,False
585,1,73,1.3,538,19,175,30,1,1,False,False,True,False,False
586,1,149,3.1,1191,28,563,29,0,2,False,False,True,False,False
587,1,197,4.4,1665,44,608,43,1,3,False,False,False,False,True
588,1,328,6.1,1975,72,1101,24,0,4,False,False,False,True,False
589,1,424,7.5,1995,75,1228,36,0,4,False,False,True,False,False
590,1,111,3.6,627,26,464,39,1,2,False,False,False,True,False
591,1,159,3.7,630,33,575,30,0,2,False,False,False,True,False
592,1,580,11.5,2767,84,2341,36,1,5,True,False,False,False,False
593,1,379,7.7,1809,64,1050,22,1,4,False,False,False,True,False
594,1,217,4.2,1500,42,677,26,1,3,False,False,False,True,False
595,1,447,6.3,1959,63,1441,48,0,4,False,False,False,False,True
596,1,512,10.5,2538,82,1694,41,0,5,False,False,True,False,False
597,1,511,10.8,2529,91,2387,21,0,5,False,False,False,False,True
598,1,140,2.5,825,31,347,59,0,2,False,False,True,False,False
599,1,114,3.0,1131,31,596,28,0,2,False,False,False,True,False
600,1,192,4.3,1382,42,905,47,1,3,False,False,False,True,False
601,0,325,6.0,2244,70,1296,30,1,4,False,True,False,False,False
602,1,83,1.2,545,15,284,44,0,1,False,False,True,False,False
603,1,122,3.0,922,32,373,43,0,2,False,False,True,False,False
604,1,138,2.1,660,22,424,41,1,2,False,False,True,False,False
605,1,182,5.3,1278,42,885,54,1,3,False,False,True,False,False
606,1,425,6.0,1928,72,1150,53,1,4,False,False,True,False,False
607,1,580,10.4,2496,81,2441,37,1,5,False,False,True,False,False
608,1,203,4.0,1323,56,787,21,0,3,False,False,False,False,True
609,1,258,4.9,1596,56,937,40,1,3,False,False,False,False,True
610,0,551,8.5,2927,92,1901,51,0,5,False,True,False,False,False
611,0,507,9.6,2606,95,1543,48,0,5,False,True,False,False,False
612,1,57,1.3,489,16,131,37,0,1,False,False,False,False,True
613,1,553,10.2,2911,82,2441,44,0,5,False,False,False,False,True
614,1,49,1.1,395,16,153,46,1,1,True,False,False,False,False
615,1,106,4.0,1158,23,493,18,0,2,False,False,False,True,False
616,1,119,3.7,608,36,461,52,0,2,True,False,False,False,False
617,1,288,5.4,1476,49,767,36,1,3,False,False,True,False,False
618,1,225,5.6,1388,55,965,36,1,3,True,False,False,False,False
619,1,342,7.0,1826,71,1077,26,1,4,False,False,True,False,False
620,1,292,4.2,1407,54,867,59,0,3,False,False,False,True,False
621,0,218,5.0,1475,46,972,59,1,3,False,True,False,False,False
622,1,64,1.8,351,15,274,56,0,1,True,False,False,False,False
623,1,453,7.4,2363,65,1046,41,1,4,False,False,False,False,True
624,1,42,1.8,417,15,284,21,0,1,False,False,True,False,False
625,1,36,1.5,310,15,272,45,0,1,False,False,False,True,False
626,1,55,1.8,328,12,196,31,1,1,False,False,True,False,False
627,0,210,5.0,1614,53,679,55,1,3,False,True,False,False,False
628,0,227,5.2,1446,46,920,59,0,3,False,True,False,False,False
629,1,47,1.2,437,18,234,55,0,1,False,False,False,False,True
630,0,461,6.3,1988,62,1004,21,0,4,False,True,False,False,False
631,1,94,3.1,1078,38,489,25,0,2,True,False,False,False,False
632,1,216,5.1,1483,54,977,45,1,3,False,False,False,True,False
633,0,496,10.2,2587,84,1921,56,1,5,False,True,False,False,False
634,1,138,3.2,1142,31,366,29,1,2,False,False,True,False,False
635,0,318,6.6,2055,67,1253,43,0,4,False,True,False,False,False
636,1,96,3.4,1198,39,401,48,1,2,False,False,False,True,False
637,1,510,10.7,2433,90,1729,47,0,5,False,False,True,False,False
638,1,83,1.1,546,10,289,32,1,1,False,False,False,False,True
639,1,417,6.2,2074,63,1135,35,1,4,True,False,False,False,False
640,1,538,9.8,2778,91,2080,35,1,5,True,False,False,False,False
641,1,63,1.8,321,11,271,42,0,1,False,False,False,True,False
642,1,50,1.4,443,16,255,26,1,1,False,False,True,False,False
643,1,502,8.2,2597,90,1553,27,0,5,True,False,False,False,False
644,1,105,3.3,723,35,566,46,0,2,False,False,True,False,False
645,1,186,4.8,1494,53,949,20,1,3,True,False,False,False,False
646,1,174,2.9,1197,23,345,20,1,2,False,False,False,False,True
647,1,89,1.3,314,16,201,58,1,1,False,False,False,True,False
648,0,66,1.5,565,17,283,42,1,1,False,True,False,False,False
649,0,389,6.3,2294,76,1334,53,0,4,False,True,False,False,False
650,1,186,5.4,1627,58,790,31,1,3,False,False,False,False,True
651,1,149,2.0,1041,39,356,49,0,2,True,False,False,False,False
652,0,69,1.7,519,10,167,51,1,1,False,True,False,False,False
653,1,206,5.2,1632,47,694,30,0,3,False,False,False,False,True
654,1,49,1.2,365,19,144,29,0,1,False,False,False,True,False
655,1,594,10.5,2839,91,1647,56,0,5,True,False,False,False,False
656,1,104,3.7,1028,29,493,39,0,2,True,False,False,False,False
657,1,262,5.6,1489,59,628,54,1,3,True,False,False,False,False
658,1,278,5.3,1368,56,894,40,1,3,False,False,False,False,True
659,1,463,6.8,2358,68,1236,43,1,4,False,False,False,False,True
660,1,505,9.6,2464,91,2375,35,0,5,False,False,False,False,True
661,1,50,1.5,387,12,146,59,0,1,True,False,False,False,False
662,1,138,3.1,947,29,545,48,0,2,False,False,False,False,True
663,1,130,3.2,1189,37,448,45,0,2,False,False,False,False,True
664,1,469,6.4,1858,78,1297,55,1,4,True,False,False,False,False
665,1,555,10.3,2568,83,2003,52,0,5,False,False,False,False,True
666,0,198,5.4,1544,53,635,53,0,3,False,True,False,False,False
667,1,529,11.4,2891,82,1845,46,0,5,False,False,False,True,False
668,1,205,5.5,1699,49,729,36,0,3,False,False,False,True,False
669,0,170,2.4,1039,38,334,23,0,2,False,True,False,False,False
670,1,160,3.2,648,31,339,27,1,2,False,False,False,True,False
671,0,81,1.6,387,13,224,48,0,1,False,True,False,False,False
672,1,468,7.3,1937,64,1209,22,0,4,True,False,False,False,False
673,1,500,11.2,2925,84,2438,27,0,5,False,False,False,False,True
674,1,37,1.6,490,18,216,52,0,1,True,False,False,False,False
675,1,522,11.4,2776,93,1768,27,1,5,False,False,False,False,True
676,1,81,1.5,545,17,159,40,0,1,False,False,False,False,True
677,1,141,3.8,689,38,576,34,0,2,False,False,True,False,False
678,1,115,3.5,706,26,495,52,1,2,False,False,False,True,False
679,1,298,4.6,1525,59,814,36,1,3,True,False,False,False,False
680,0,33,1.8,334,16,113,36,1,1,False,True,False,False,False
681,1,307,6.1,2105,76,1111,25,1,4,True,False,False,False,False
682,1,380,7.6,2354,77,1191,30,0,4,False,False,False,False,True
683,1,190,5.5,1718,58,815,42,0,3,False,False,False,False,True
684,1,75,1.6,325,12,225,45,0,1,False,False,False,True,False
685,1,218,4.0,1221,47,822,25,0,3,True,False,False,False,False
686,1,412,6.6,1859,67,1393,18,0,4,False,False,False,False,True
687,1,335,7.7,2037,68,1007,18,0,4,True,False,False,False,False
688,1,387,6.3,2098,61,1178,54,0,4,False,False,True,False,False
689,1,261,4.9,1589,56,824,52,1,3,True,False,False,False,False
690,1,541,9.5,2424,98,1550,32,0,5,False,False,False,True,False
691,1,195,5.7,1447,48,679,30,0,3,True,False,False,False,False
692,0,178,4.0,856,37,569,51,1,2,False,True,False,False,False
693,1,378,6.7,1898,78,1455,48,1,4,False,False,False,False,True
694,1,505,8.6,2792,82,1709,31,0,5,False,False,False,False,True
695,1,564,9.7,2422,83,1985,34,1,5,False,False,False,True,False
696,0,92,3.9,1082,26,381,22,0,2,False,True,False,False,False
697,1,316,6.8,1965,68,1201,59,0,4,False,False,False,False,True
698,1,99,3.1,942,22,457,50,1,2,True,False,False,False,False
699,1,62,1.7,431,13,224,44,0,1,False,False,False,True,False
700,1,212,5.4,1306,49,828,23,1,3,False,False,True,False,False
